Category,close,none,open,closeMid,openMid
Line 1,0.4444444444444444,0.3333333333333333,0.2222222222222222,0.0,0.0
Line 2,0.3333333333333333,0.3333333333333333,0.2222222222222222,0.0,0.1111111111111111
Line 3,0.5555555555555556,0.1111111111111111,0.1111111111111111,0.1111111111111111,0.1111111111111111
Line 4,0.2,0.2,0.0,0.2,0.4
Line 5,0.5,0.16666666666666666,0.16666666666666666,0.0,0.16666666666666666
Line 6,0.14285714285714285,0.14285714285714285,0.2857142857142857,0.14285714285714285,0.2857142857142857
Line 7,0.25,0.25,0.25,0.125,0.125
Line 8,0.2222222222222222,0.4444444444444444,0.0,0.1111111111111111,0.2222222222222222
