close,neutral,open
0.25728155339805825,0.38349514563106796,0.3592233009708738
