close,neutral,open,closeMid,openMid
0.125,0.041666666666666664,0.5416666666666666,0.16666666666666666,0.125
0.16666666666666666,0.05555555555555555,0.6111111111111112,0.08333333333333333,0.08333333333333333
