close,neutral,open
0.3,0.05,0.65
0.3611111111111111,0.027777777777777776,0.6111111111111112
