close,neutral,open
0.2542372881355932,0.0423728813559322,0.7033898305084746
