close,neutral,open
0.2916666666666667,0.041666666666666664,0.6666666666666666
0.25,0.05555555555555555,0.6944444444444444
