close,neutral,open,closeMid,openMid
0.14049586776859505,0.32231404958677684,0.3884297520661157,0.09090909090909091,0.05785123966942149
