close,neutral,open
0.43333333333333335,0.0,0.5666666666666667
