close,neutral,open
0.25,0.041666666666666664,0.7083333333333334
0.3055555555555556,0.0,0.6944444444444444
