close,neutral,open
0.21739130434782608,0.3695652173913043,0.41304347826086957
0.275,0.275,0.45
