close,neutral,open
0.23140495867768596,0.32231404958677684,0.4462809917355372
