close,neutral,open
0.2542372881355932,0.059322033898305086,0.6864406779661016
