close,neutral,open
0.26666666666666666,0.05,0.6833333333333333
