close,neutral,open
0.44166666666666665,0.0,0.5583333333333333
