close,neutral,open
0.25,0.425,0.325
0.30985915492957744,0.30985915492957744,0.38028169014084506
