close,neutral,open
0.3617021276595745,0.3617021276595745,0.2765957446808511
0.3875,0.275,0.3375
