close,neutral,open
0.3392857142857143,0.03571428571428571,0.625
