close,neutral,open,closeMid,openMid
0.15,0.05,0.5833333333333334,0.11666666666666667,0.1
