close,neutral,open,closeMid,openMid
0.15217391304347827,0.3695652173913043,0.32608695652173914,0.08695652173913043,0.06521739130434782
0.13333333333333333,0.29333333333333333,0.4266666666666667,0.09333333333333334,0.05333333333333334
