close,neutral,open
0.3512396694214876,0.3347107438016529,0.3140495867768595
