close,neutral,open
0.21929824561403508,0.34649122807017546,0.4342105263157895
