close,neutral,open
0.25,0.0625,0.6875
0.2702702702702703,0.05405405405405406,0.6756756756756757
0.3333333333333333,0.0,0.6666666666666666
0.225,0.075,0.7
