close,neutral,open
0.22033898305084745,0.3728813559322034,0.4067796610169492
0.24675324675324675,0.2857142857142857,0.4675324675324675
0.15,0.4,0.45
0.20833333333333334,0.375,0.4166666666666667
