close,neutral,open
0.22746781115879827,0.33905579399141633,0.4334763948497854
