close,neutral,open
0.36065573770491804,0.36065573770491804,0.2786885245901639
0.3950617283950617,0.2716049382716049,0.3333333333333333
0.19047619047619047,0.38095238095238093,0.42857142857142855
0.36,0.36,0.28
