close,neutral,open
0.35714285714285715,0.3319327731092437,0.31092436974789917
