close,neutral,open
0.2833333333333333,0.016666666666666666,0.7
