close,neutral,open
0.25396825396825395,0.30952380952380953,0.4365079365079365
