close,neutral,open
0.21875,0.0625,0.71875
0.32432432432432434,0.0,0.6756756756756757
0.3333333333333333,0.0,0.6666666666666666
0.2,0.075,0.725
