close,neutral,open
0.2882882882882883,0.35135135135135137,0.36036036036036034
