close,neutral,open
0.3779527559055118,0.30708661417322836,0.31496062992125984
