close,neutral,open
0.3076923076923077,0.057692307692307696,0.6346153846153846
