close,neutral,open
0.2033898305084746,0.3728813559322034,0.423728813559322
0.2839506172839506,0.2716049382716049,0.4444444444444444
0.19047619047619047,0.38095238095238093,0.42857142857142855
0.19444444444444445,0.375,0.4305555555555556
