close,neutral,open
0.2391304347826087,0.3695652173913043,0.391304347826087
0.22666666666666666,0.29333333333333333,0.48
