close,neutral,open
0.4491525423728814,0.0,0.5508474576271186
