close,neutral,open
0.2692307692307692,0.07692307692307693,0.6538461538461539
0.3783783783783784,0.02702702702702703,0.5945945945945946
0.3333333333333333,0.0,0.6666666666666666
0.25,0.09375,0.65625
