close,neutral,open
0.46875,0.0,0.53125
0.43243243243243246,0.0,0.5675675675675675
0.3333333333333333,0.0,0.6666666666666666
0.4523809523809524,0.0,0.5476190476190477
