close,neutral,open
0.2912621359223301,0.23300970873786409,0.47572815533980584
