close,neutral,open
0.0,0.25,0.75
0.14285714285714285,0.2857142857142857,0.5714285714285714
0.2857142857142857,0.14285714285714285,0.5714285714285714
0.5,0.125,0.375
0.375,0.0,0.625
