close,neutral,open,closeMid,openMid
0.1834862385321101,0.1559633027522936,0.46788990825688076,0.10091743119266056,0.09174311926605505
