close,neutral,open
0.17391304347826086,0.2608695652173913,0.5652173913043478
0.5714285714285714,0.19047619047619047,0.23809523809523808
0.5454545454545454,0.13636363636363635,0.3181818181818182
0.5,0.13636363636363635,0.36363636363636365
0.47619047619047616,0.19047619047619047,0.3333333333333333
