close,neutral,open
0.23255813953488372,0.18604651162790697,0.5813953488372093
