close,neutral,open
0.1111111111111111,0.25925925925925924,0.6296296296296297
0.2,0.26666666666666666,0.5333333333333333
0.5,0.5,0.0
0.35294117647058826,0.17647058823529413,0.47058823529411764
0.35294117647058826,0.17647058823529413,0.47058823529411764
0.43478260869565216,0.21739130434782608,0.34782608695652173
