close,neutral,open
0.0,0.2,0.8
0.125,0.125,0.75
0.3333333333333333,0.6666666666666666,0.0
0.4444444444444444,0.1111111111111111,0.4444444444444444
0.5,0.125,0.375
0.4,0.0,0.6
