close,neutral,open
0.4552238805970149,0.1791044776119403,0.3656716417910448
