close,neutral,open
0.22857142857142856,0.19047619047619047,0.580952380952381
