close,neutral,open
0.44954128440366975,0.1834862385321101,0.3669724770642202
