close,neutral,open
0.2857142857142857,0.23809523809523808,0.47619047619047616
