close,neutral,open
0.5217391304347826,0.0,0.4782608695652174
