close,neutral,open
0.1724137931034483,0.2413793103448276,0.5862068965517241
0.42857142857142855,0.19047619047619047,0.38095238095238093
0.8,0.2,0.0
0.5925925925925926,0.1111111111111111,0.2962962962962963
0.5,0.13636363636363635,0.36363636363636365
0.48,0.2,0.32
