close,neutral,open
0.22641509433962265,0.18867924528301888,0.5849056603773585
