close,neutral,open
0.23076923076923078,0.18461538461538463,0.5846153846153846
