close,neutral,open
0.10344827586206896,0.2413793103448276,0.6551724137931034
0.15,0.2,0.65
0.25,0.25,0.5
0.2692307692307692,0.11538461538461539,0.6153846153846154
0.23809523809523808,0.14285714285714285,0.6190476190476191
0.4,0.2,0.4
