close,neutral,open,closeMid,openMid
0.1523809523809524,0.19047619047619047,0.4857142857142857,0.0761904761904762,0.09523809523809523
