close,neutral,open,closeMid,openMid
0.0,0.2608695652173913,0.5217391304347826,0.08695652173913043,0.13043478260869565
0.10526315789473684,0.21052631578947367,0.47368421052631576,0.10526315789473684,0.10526315789473684
0.14285714285714285,0.14285714285714285,0.47619047619047616,0.09523809523809523,0.14285714285714285
0.19047619047619047,0.14285714285714285,0.6190476190476191,0.047619047619047616,0.0
0.3333333333333333,0.19047619047619047,0.3333333333333333,0.047619047619047616,0.09523809523809523
