close,neutral,open
0.08695652173913043,0.2608695652173913,0.6521739130434783
0.21052631578947367,0.21052631578947367,0.5789473684210527
0.23809523809523808,0.14285714285714285,0.6190476190476191
0.23809523809523808,0.14285714285714285,0.6190476190476191
0.38095238095238093,0.19047619047619047,0.42857142857142855
