close,neutral,open
0.5,0.0,0.5
0.14285714285714285,0.0,0.8571428571428571
0.42857142857142855,0.0,0.5714285714285714
0.2857142857142857,0.0,0.7142857142857143
0.42857142857142855,0.0,0.5714285714285714
