close,neutral,open
0.06818181818181818,0.29545454545454547,0.6363636363636364
0.061224489795918366,0.2857142857142857,0.6530612244897959
0.34,0.22,0.44
0.3333333333333333,0.25,0.4166666666666667
0.13953488372093023,0.37209302325581395,0.4883720930232558
