close,neutral,open
0.2608695652173913,0.043478260869565216,0.6956521739130435
