close,neutral,open
0.11538461538461539,0.2692307692307692,0.6153846153846154
0.06896551724137931,0.2413793103448276,0.6896551724137931
0.3333333333333333,0.2,0.4666666666666667
0.2857142857142857,0.25,0.4642857142857143
0.14814814814814814,0.3333333333333333,0.5185185185185185
