close,neutral,open
0.14285714285714285,0.14285714285714285,0.7142857142857143
0.14285714285714285,0.0,0.8571428571428571
0.2857142857142857,0.0,0.7142857142857143
0.07142857142857142,0.07142857142857142,0.8571428571428571
0.21428571428571427,0.0,0.7857142857142857
