close,neutral,open
0.09090909090909091,0.13636363636363635,0.7727272727272727
0.13636363636363635,0.0,0.8636363636363636
0.22727272727272727,0.0,0.7727272727272727
0.09090909090909091,0.045454545454545456,0.8636363636363636
0.18181818181818182,0.0,0.8181818181818182
