close,neutral,open
0.19285714285714287,0.2571428571428571,0.55
