close,neutral,open
0.1276595744680851,0.2765957446808511,0.5957446808510638
0.08,0.28,0.64
0.34,0.22,0.44
0.36,0.24,0.4
0.26,0.32,0.42
