close,neutral,open,closeMid,openMid
0.11971830985915492,0.24647887323943662,0.44366197183098594,0.1056338028169014,0.08450704225352113
