close,neutral,open
0.2857142857142857,0.14285714285714285,0.5714285714285714
0.14285714285714285,0.0,0.8571428571428571
0.2857142857142857,0.07142857142857142,0.6428571428571429
0.2857142857142857,0.0,0.7142857142857143
0.3076923076923077,0.0,0.6923076923076923
