close,neutral,open,closeMid,openMid
0.10714285714285714,0.2571428571428571,0.45,0.08571428571428572,0.1
