close,neutral,open
0.25735294117647056,0.2647058823529412,0.47794117647058826
