close,neutral,open,closeMid,openMid
0.1048951048951049,0.2517482517482518,0.45454545454545453,0.09090909090909091,0.0979020979020979
