close,neutral,open
0.35714285714285715,0.0,0.6428571428571429
