close,neutral,open
0.14545454545454545,0.03636363636363636,0.8181818181818182
