close,neutral,open,closeMid,openMid
0.08571428571428572,0.04285714285714286,0.6571428571428571,0.08571428571428572,0.12857142857142856
