close,neutral,open
0.26666666666666666,0.23333333333333334,0.5
0.16666666666666666,0.23333333333333334,0.6
0.4666666666666667,0.2,0.3333333333333333
0.4,0.23333333333333334,0.36666666666666664
0.3333333333333333,0.3,0.36666666666666664
