close,neutral,open
0.32666666666666666,0.24,0.43333333333333335
