close,neutral,open
0.13333333333333333,0.28888888888888886,0.5777777777777777
0.08333333333333333,0.2916666666666667,0.625
0.3695652173913043,0.2391304347826087,0.391304347826087
0.3829787234042553,0.2553191489361702,0.3617021276595745
0.2765957446808511,0.3404255319148936,0.3829787234042553
