close,neutral,open
0.23481781376518218,0.26720647773279355,0.4979757085020243
