close,neutral,open
0.17142857142857143,0.04285714285714286,0.7857142857142857
