close,neutral,open
0.17857142857142858,0.25,0.5714285714285714
0.1,0.23333333333333334,0.6666666666666666
0.3333333333333333,0.2,0.4666666666666667
0.3333333333333333,0.23333333333333334,0.43333333333333335
0.23333333333333334,0.3,0.4666666666666667
