close,neutral,open
0.24892703862660945,0.2832618025751073,0.4678111587982833
