close,neutral,open
0.19090909090909092,0.02727272727272727,0.7818181818181819
