close,neutral,open
0.19230769230769232,0.28205128205128205,0.5256410256410257
