close,neutral,open
0.22857142857142856,0.02857142857142857,0.7428571428571429
