close,neutral,open
0.45454545454545453,0.0,0.5454545454545454
0.13636363636363635,0.0,0.8636363636363636
0.3181818181818182,0.0,0.6818181818181818
0.2727272727272727,0.0,0.7272727272727273
0.3181818181818182,0.0,0.6818181818181818
