close,neutral,open,closeMid,openMid
0.0,0.0,0.6666666666666666,0.3333333333333333,0.0
0.07692307692307693,0.2692307692307692,0.5384615384615384,0.038461538461538464,0.07692307692307693
0.034482758620689655,0.2413793103448276,0.5862068965517241,0.034482758620689655,0.10344827586206896
0.16666666666666666,0.2,0.3333333333333333,0.16666666666666666,0.13333333333333333
0.17857142857142858,0.25,0.32142857142857145,0.10714285714285714,0.14285714285714285
0.07407407407407407,0.3333333333333333,0.48148148148148145,0.07407407407407407,0.037037037037037035
