close,neutral,open
0.23648648648648649,0.24324324324324326,0.5202702702702703
