close,neutral,open
0.22018348623853212,0.03669724770642202,0.7431192660550459
