close,neutral,open,closeMid,openMid
0.14285714285714285,0.14285714285714285,0.6428571428571429,0.0,0.07142857142857142
0.07142857142857142,0.0,0.7857142857142857,0.07142857142857142,0.07142857142857142
0.07142857142857142,0.0,0.42857142857142855,0.21428571428571427,0.2857142857142857
0.0,0.07142857142857142,0.6428571428571429,0.07142857142857142,0.21428571428571427
0.14285714285714285,0.0,0.7857142857142857,0.07142857142857142,0.0
