close,neutral,open
0.449438202247191,0.0,0.550561797752809
