close,neutral,open
0.42578125,0.21484375,0.359375
