close,neutral,open
0.42857142857142855,0.19047619047619047,0.38095238095238093
0.4090909090909091,0.18181818181818182,0.4090909090909091
0.4263565891472868,0.24031007751937986,0.3333333333333333
