close,neutral,open
0.2672811059907834,0.2350230414746544,0.4976958525345622
