close,neutral,open
0.3173076923076923,0.19230769230769232,0.49038461538461536
0.2727272727272727,0.18181818181818182,0.5454545454545454
0.3125,0.2421875,0.4453125
