close,neutral,open
0.3711340206185567,0.05154639175257732,0.5773195876288659
