close,neutral,open
0.3,0.025,0.675
0.375,0.0,0.625
0.3469387755102041,0.02040816326530612,0.6326530612244898
