close,neutral,open
0.42735042735042733,0.21794871794871795,0.3547008547008547
