close,neutral,open,closeMid,openMid
0.182648401826484,0.2191780821917808,0.3789954337899543,0.0593607305936073,0.1598173515981735
