close,neutral,open,closeMid,openMid
0.23728813559322035,0.01694915254237288,0.3559322033898305,0.06779661016949153,0.3220338983050847
