close,neutral,open
0.2616033755274262,0.2320675105485232,0.5063291139240507
