close,neutral,open
0.3707865168539326,0.0449438202247191,0.5842696629213483
