close,neutral,open
0.30337078651685395,0.033707865168539325,0.6629213483146067
