close,neutral,open
0.3526570048309179,0.2463768115942029,0.40096618357487923
