close,neutral,open
0.3258426966292135,0.02247191011235955,0.651685393258427
