close,neutral,open
0.30927835051546393,0.030927835051546393,0.6597938144329897
