close,neutral,open
0.4,0.05,0.55
0.375,0.125,0.5
0.3469387755102041,0.04081632653061224,0.6122448979591837
