close,neutral,open
0.32989690721649484,0.020618556701030927,0.6494845360824743
