close,neutral,open
0.3548387096774194,0.21505376344086022,0.43010752688172044
0.3157894736842105,0.21052631578947367,0.47368421052631576
0.3508771929824561,0.2719298245614035,0.37719298245614036
