close,neutral,open,closeMid,openMid
0.18433179723502305,0.2350230414746544,0.37327188940092165,0.08294930875576037,0.12442396313364056
