close,neutral,open
0.3495575221238938,0.24336283185840707,0.40707964601769914
