close,neutral,open
0.3110236220472441,0.21653543307086615,0.47244094488188976
