close,neutral,open,closeMid,openMid
0.19101123595505617,0.033707865168539325,0.43820224719101125,0.11235955056179775,0.2247191011235955
