close,neutral,open
0.475,0.0,0.525
0.5,0.0,0.5
0.42857142857142855,0.0,0.5714285714285714
