close,neutral,open
0.4536082474226804,0.0,0.5463917525773195
