close,neutral,open
0.3146551724137931,0.21982758620689655,0.46551724137931033
