close,neutral,open
0.2604166666666667,0.20833333333333334,0.53125
0.2,0.2,0.6
0.2727272727272727,0.256198347107438,0.47107438016528924
