close,neutral,open
0.3390804597701149,0.21264367816091953,0.4482758620689655
