close,neutral,open
0.453125,0.046875,0.5
