close,neutral,open
0.36065573770491804,0.2459016393442623,0.39344262295081966
0.1951219512195122,0.23170731707317074,0.573170731707317
0.34545454545454546,0.18181818181818182,0.4727272727272727
