close,neutral,open
0.42105263157894735,0.0,0.5789473684210527
