close,neutral,open
0.32211538461538464,0.21153846153846154,0.46634615384615385
