close,neutral,open
0.36419753086419754,0.22839506172839505,0.4074074074074074
