close,neutral,open
0.4166666666666667,0.25,0.3333333333333333
0.29310344827586204,0.2413793103448276,0.46551724137931033
0.38636363636363635,0.18181818181818182,0.4318181818181818
