close,neutral,open
0.3815789473684211,0.02631578947368421,0.5921052631578947
