close,neutral,open
0.5833333333333334,0.0,0.4166666666666667
0.4583333333333333,0.0,0.5416666666666666
0.5625,0.0,0.4375
