close,neutral,open
0.5833333333333334,0.0,0.4166666666666667
0.2916666666666667,0.0,0.7083333333333334
0.5,0.0,0.5
