close,neutral,open
0.5416666666666666,0.0,0.4583333333333333
0.28125,0.0,0.71875
0.35,0.1,0.55
