close,neutral,open
0.453125,0.234375,0.3125
0.36923076923076925,0.2153846153846154,0.4153846153846154
0.4,0.17777777777777778,0.4222222222222222
