close,neutral,open
0.3471502590673575,0.22797927461139897,0.42487046632124353
