close,neutral,open
0.40625,0.03125,0.5625
