close,neutral,open,closeMid,openMid
0.21212121212121213,0.22424242424242424,0.3090909090909091,0.09090909090909091,0.16363636363636364
