close,neutral,open
0.390625,0.234375,0.375
0.26153846153846155,0.2153846153846154,0.5230769230769231
0.37777777777777777,0.17777777777777778,0.4444444444444444
