close,neutral,open
0.5263157894736842,0.0,0.47368421052631576
