close,neutral,open
0.36065573770491804,0.2459016393442623,0.39344262295081966
0.21311475409836064,0.22950819672131148,0.5573770491803278
0.3488372093023256,0.18604651162790697,0.46511627906976744
