close,neutral,open
0.42105263157894735,0.06578947368421052,0.5131578947368421
