close,neutral,open
0.5833333333333334,0.0,0.4166666666666667
0.46875,0.0,0.53125
0.55,0.0,0.45
