close,neutral,open,closeMid,openMid
0.22950819672131148,0.2459016393442623,0.22950819672131148,0.13114754098360656,0.16393442622950818
0.13114754098360656,0.22950819672131148,0.3770491803278688,0.08196721311475409,0.18032786885245902
0.3023255813953488,0.18604651162790697,0.32558139534883723,0.046511627906976744,0.13953488372093023
