close,neutral,open
0.453125,0.234375,0.3125
0.3448275862068966,0.21839080459770116,0.4367816091954023
0.40350877192982454,0.17543859649122806,0.42105263157894735
