close,neutral,open
0.2878787878787879,0.2222222222222222,0.4898989898989899
