close,neutral,open
0.3942307692307692,0.21153846153846154,0.3942307692307692
