close,neutral,open
0.40804597701149425,0.21264367816091953,0.3793103448275862
