close,neutral,open
0.5833333333333334,0.0,0.4166666666666667
0.28125,0.09375,0.625
0.45,0.1,0.45
