close,neutral,open
0.4166666666666667,0.25,0.3333333333333333
0.2692307692307692,0.24358974358974358,0.48717948717948717
0.38181818181818183,0.18181818181818182,0.43636363636363634
