close,neutral,open
0.5416666666666666,0.0,0.4583333333333333
0.2916666666666667,0.0,0.7083333333333334
0.375,0.125,0.5
