close,neutral,open
0.30303030303030304,0.22424242424242424,0.4727272727272727
