close,neutral,open
0.453125,0.0,0.546875
