close,neutral,open
0.390625,0.234375,0.375
0.2413793103448276,0.21839080459770116,0.5402298850574713
0.3684210526315789,0.17543859649122806,0.45614035087719296
