close,neutral,open,closeMid,openMid
0.2916666666666667,0.0,0.125,0.25,0.3333333333333333
0.125,0.0,0.375,0.16666666666666666,0.3333333333333333
0.375,0.125,0.1875,0.0,0.3125
