close,neutral,open
0.5833333333333334,0.0,0.4166666666666667
0.28125,0.0,0.71875
0.45,0.0,0.55
