close,neutral,open
0.16666666666666666,0.0,0.8333333333333334
0.25,0.0,0.75
0.3333333333333333,0.0,0.6666666666666666
0.08333333333333333,0.0,0.9166666666666666
0.25,0.0,0.75
