close,neutral,open
0.17857142857142858,0.2857142857142857,0.5357142857142857
0.19230769230769232,0.15384615384615385,0.6538461538461539
0.4230769230769231,0.15384615384615385,0.4230769230769231
0.23076923076923078,0.23076923076923078,0.5384615384615384
0.3076923076923077,0.11538461538461539,0.5769230769230769
