close,neutral,open
0.40764331210191085,0.17834394904458598,0.4140127388535032
