close,neutral,open
0.2753623188405797,0.014492753623188406,0.7101449275362319
