close,neutral,open
0.23728813559322035,0.0,0.7627118644067796
