close,neutral,open,closeMid,openMid
0.1732283464566929,0.1968503937007874,0.4330708661417323,0.09448818897637795,0.10236220472440945
