close,neutral,open
0.33093525179856115,0.2014388489208633,0.4676258992805755
