close,neutral,open
0.16666666666666666,0.0,0.8333333333333334
0.2727272727272727,0.0,0.7272727272727273
0.4666666666666667,0.06666666666666667,0.4666666666666667
0.08333333333333333,0.0,0.9166666666666666
0.16666666666666666,0.0,0.8333333333333334
0.38461538461538464,0.0,0.6153846153846154
