close,neutral,open,closeMid,openMid
0.25,0.0,0.5833333333333334,0.0,0.16666666666666666
0.0,0.0,0.4166666666666667,0.25,0.3333333333333333
0.2,0.0,0.6,0.0,0.2
0.25,0.0,0.6666666666666666,0.0,0.08333333333333333
0.16666666666666666,0.0,0.5833333333333334,0.08333333333333333,0.16666666666666666
