close,neutral,open
0.20833333333333334,0.3333333333333333,0.4583333333333333
0.23809523809523808,0.19047619047619047,0.5714285714285714
0.4782608695652174,0.17391304347826086,0.34782608695652173
0.23076923076923078,0.23076923076923078,0.5384615384615384
0.38095238095238093,0.14285714285714285,0.47619047619047616
