close,neutral,open
0.20833333333333334,0.3333333333333333,0.4583333333333333
0.23809523809523808,0.19047619047619047,0.5714285714285714
0.4827586206896552,0.1724137931034483,0.3448275862068966
0.23076923076923078,0.23076923076923078,0.5384615384615384
0.46153846153846156,0.15384615384615385,0.38461538461538464
0.38461538461538464,0.11538461538461539,0.5
