close,neutral,open,closeMid,openMid
0.1724137931034483,0.0,0.5862068965517241,0.05172413793103448,0.1896551724137931
