close,neutral,open
0.36666666666666664,0.0,0.6333333333333333
