close,neutral,open,closeMid,openMid
0.18110236220472442,0.1889763779527559,0.4330708661417323,0.07874015748031496,0.11811023622047244
