close,neutral,open
0.2571428571428571,0.0,0.7428571428571429
