close,neutral,open
0.30434782608695654,0.21739130434782608,0.4782608695652174
