close,neutral,open,closeMid,openMid
0.30303030303030304,0.0,0.48484848484848486,0.030303030303030304,0.18181818181818182
