close,neutral,open
0.3939393939393939,0.1893939393939394,0.4166666666666667
