close,neutral,open
0.2361111111111111,0.0,0.7638888888888888
