close,neutral,open
0.25,0.0,0.75
0.25,0.0,0.75
0.25,0.0,0.75
0.25,0.0,0.75
0.3333333333333333,0.0,0.6666666666666666
0.26666666666666666,0.0,0.7333333333333333
