close,neutral,open
0.26515151515151514,0.1893939393939394,0.5454545454545454
