close,neutral,open
0.21666666666666667,0.0,0.7833333333333333
