close,neutral,open
0.16666666666666666,0.0,0.8333333333333334
0.2727272727272727,0.0,0.7272727272727273
0.4166666666666667,0.08333333333333333,0.5
0.08333333333333333,0.0,0.9166666666666666
0.4,0.0,0.6
