close,neutral,open
0.2953020134228188,0.18791946308724833,0.5167785234899329
