close,neutral,open
0.17857142857142858,0.2857142857142857,0.5357142857142857
0.19230769230769232,0.15384615384615385,0.6538461538461539
0.4375,0.15625,0.40625
0.23076923076923078,0.23076923076923078,0.5384615384615384
0.46153846153846156,0.15384615384615385,0.38461538461538464
0.3125,0.09375,0.59375
