close,neutral,open
0.25,0.0,0.75
0.5,0.0,0.5
0.5,0.0,0.5
0.08333333333333333,0.0,0.9166666666666666
0.5,0.0,0.5
