close,neutral,open
0.2677165354330709,0.1968503937007874,0.5354330708661418
