close,neutral,open
0.21428571428571427,0.2857142857142857,0.5
0.19230769230769232,0.15384615384615385,0.6538461538461539
0.36363636363636365,0.18181818181818182,0.45454545454545453
0.3076923076923077,0.23076923076923078,0.46153846153846156
0.28,0.12,0.6
