close,neutral,open
0.2631578947368421,0.017543859649122806,0.7192982456140351
