close,neutral,open,closeMid,openMid
0.1694915254237288,0.0,0.576271186440678,0.06779661016949153,0.1864406779661017
