close,neutral,open
0.2929936305732484,0.17834394904458598,0.5286624203821656
