close,neutral,open,closeMid,openMid
0.17857142857142858,0.2857142857142857,0.39285714285714285,0.03571428571428571,0.10714285714285714
0.07692307692307693,0.15384615384615385,0.46153846153846156,0.11538461538461539,0.19230769230769232
0.22727272727272727,0.18181818181818182,0.36363636363636365,0.13636363636363635,0.09090909090909091
0.23076923076923078,0.23076923076923078,0.4230769230769231,0.07692307692307693,0.038461538461538464
0.16,0.12,0.52,0.12,0.08
