close,neutral,open
0.3314285714285714,0.22857142857142856,0.44
