close,neutral,open
0.41297935103244837,0.1976401179941003,0.3893805309734513
