close,neutral,open,closeMid,openMid
0.18518518518518517,0.0,0.5679012345679012,0.1111111111111111,0.13580246913580246
