close,neutral,open
0.2962962962962963,0.0,0.7037037037037037
