close,neutral,open,closeMid,openMid
0.17616580310880828,0.23316062176165803,0.40932642487046633,0.07253886010362694,0.10880829015544041
