close,neutral,open
0.345679012345679,0.024691358024691357,0.6296296296296297
