close,neutral,open
0.29441624365482233,0.20304568527918782,0.5025380710659898
