close,neutral,open
0.2972972972972973,0.2012012012012012,0.5015015015015015
