close,neutral,open
0.3142857142857143,0.0,0.6857142857142857
