close,neutral,open
0.5625,0.0625,0.375
0.3125,0.0,0.6875
0.3125,0.0,0.6875
0.35294117647058826,0.0,0.6470588235294118
0.1875,0.0625,0.75
