close,neutral,open
0.5142857142857142,0.2,0.2857142857142857
0.2647058823529412,0.29411764705882354,0.4411764705882353
0.3055555555555556,0.2222222222222222,0.4722222222222222
0.25,0.21875,0.53125
0.3157894736842105,0.21052631578947367,0.47368421052631576
