close,neutral,open
0.38271604938271603,0.0,0.6172839506172839
