close,neutral,open,closeMid,openMid
0.4358974358974359,0.1794871794871795,0.28205128205128205,0.02564102564102564,0.07692307692307693
0.13513513513513514,0.2702702702702703,0.40540540540540543,0.08108108108108109,0.10810810810810811
0.10256410256410256,0.20512820512820512,0.4358974358974359,0.1282051282051282,0.1282051282051282
0.1282051282051282,0.1794871794871795,0.46153846153846156,0.10256410256410256,0.1282051282051282
0.10256410256410256,0.20512820512820512,0.4358974358974359,0.1794871794871795,0.07692307692307693
