close,neutral,open,closeMid,openMid
0.18134715025906736,0.20725388601036268,0.40414507772020725,0.10362694300518134,0.10362694300518134
