close,neutral,open
0.3432343234323432,0.22112211221122113,0.43564356435643564
