close,neutral,open,closeMid,openMid
0.4375,0.0,0.375,0.0625,0.125
0.25,0.0,0.5625,0.0625,0.125
0.125,0.0,0.625,0.125,0.125
0.11764705882352941,0.0,0.5294117647058824,0.17647058823529413,0.17647058823529413
0.0,0.0,0.75,0.125,0.125
