close,neutral,open,closeMid,openMid
0.2653061224489796,0.04081632653061224,0.4489795918367347,0.061224489795918366,0.1836734693877551
