close,neutral,open
0.35714285714285715,0.02857142857142857,0.6142857142857143
