close,neutral,open
0.30678466076696165,0.1976401179941003,0.49557522123893805
