close,neutral,open
0.625,0.0,0.375
0.3125,0.0,0.6875
0.375,0.0,0.625
0.35294117647058826,0.0,0.6470588235294118
0.25,0.0,0.75
