close,neutral,open
0.5,0.0,0.5
0.3125,0.0,0.6875
0.3125,0.0,0.6875
0.29411764705882354,0.0,0.7058823529411765
0.125,0.0,0.875
