close,neutral,open
0.30864197530864196,0.0,0.691358024691358
