close,neutral,open
0.46153846153846156,0.1794871794871795,0.358974358974359
0.21621621621621623,0.2702702702702703,0.5135135135135135
0.23076923076923078,0.20512820512820512,0.5641025641025641
0.23076923076923078,0.1794871794871795,0.5897435897435898
0.28205128205128205,0.20512820512820512,0.5128205128205128
