close,neutral,open
0.46153846153846156,0.1794871794871795,0.358974358974359
0.23684210526315788,0.2631578947368421,0.5
0.2682926829268293,0.1951219512195122,0.5365853658536586
0.20512820512820512,0.1794871794871795,0.6153846153846154
0.3,0.2,0.5
