close,neutral,open
0.32142857142857145,0.0,0.6785714285714286
