close,neutral,open
0.40609137055837563,0.20304568527918782,0.39086294416243655
