close,neutral,open
0.2849740932642487,0.20725388601036268,0.5077720207253886
