close,neutral,open
0.4431818181818182,0.0,0.5568181818181818
