close,neutral,open
0.47368421052631576,0.0,0.5263157894736842
0.47368421052631576,0.0,0.5263157894736842
0.5789473684210527,0.0,0.42105263157894735
0.2631578947368421,0.0,0.7368421052631579
