close,neutral,open
0.3333333333333333,0.2222222222222222,0.4444444444444444
0.3235294117647059,0.23529411764705882,0.4411764705882353
0.34375,0.15625,0.5
0.24242424242424243,0.24242424242424243,0.5151515151515151
