close,neutral,open
0.36363636363636365,0.0,0.6363636363636364
0.3333333333333333,0.0,0.6666666666666666
0.2727272727272727,0.045454545454545456,0.6818181818181818
0.15789473684210525,0.0,0.8421052631578947
