close,neutral,open
0.3684210526315789,0.0,0.631578947368421
0.3888888888888889,0.0,0.6111111111111112
0.3157894736842105,0.05263157894736842,0.631578947368421
0.17647058823529413,0.0,0.8235294117647058
