close,neutral,open
0.2948717948717949,0.21794871794871795,0.48717948717948717
