close,neutral,open
0.29545454545454547,0.22727272727272727,0.4772727272727273
0.2222222222222222,0.2,0.5777777777777777
0.20454545454545456,0.13636363636363635,0.6590909090909091
0.17777777777777778,0.2,0.6222222222222222
