close,neutral,open
0.3157894736842105,0.0,0.6842105263157895
0.3157894736842105,0.0,0.6842105263157895
0.2631578947368421,0.0,0.7368421052631579
0.15789473684210525,0.0,0.8421052631578947
