close,neutral,open
0.40540540540540543,0.1837837837837838,0.41081081081081083
