close,neutral,open
0.2692307692307692,0.1858974358974359,0.5448717948717948
