close,neutral,open
0.2972972972972973,0.21621621621621623,0.4864864864864865
0.23684210526315788,0.21052631578947367,0.5526315789473685
0.24324324324324326,0.13513513513513514,0.6216216216216216
0.18421052631578946,0.21052631578947367,0.6052631578947368
