close,neutral,open
0.3111111111111111,0.2222222222222222,0.4666666666666667
0.2553191489361702,0.19148936170212766,0.5531914893617021
0.2391304347826087,0.13043478260869565,0.6304347826086957
0.1956521739130435,0.1956521739130435,0.6086956521739131
