close,neutral,open
0.23863636363636365,0.0,0.7613636363636364
