close,neutral,open
0.25,0.18478260869565216,0.5652173913043478
