close,neutral,open
0.3150684931506849,0.0136986301369863,0.6712328767123288
