close,neutral,open
0.2247191011235955,0.19101123595505617,0.5842696629213483
