close,neutral,open,closeMid,openMid
0.13513513513513514,0.21621621621621623,0.35135135135135137,0.16216216216216217,0.13513513513513514
0.23684210526315788,0.21052631578947367,0.47368421052631576,0.0,0.07894736842105263
0.24324324324324326,0.13513513513513514,0.43243243243243246,0.0,0.1891891891891892
0.15789473684210525,0.21052631578947367,0.47368421052631576,0.02631578947368421,0.13157894736842105
