close,neutral,open
0.24,0.19333333333333333,0.5666666666666667
