close,neutral,open,closeMid,openMid
0.19736842105263158,0.02631578947368421,0.5789473684210527,0.039473684210526314,0.15789473684210525
