close,neutral,open
0.4473684210526316,0.0,0.5526315789473685
