close,neutral,open
0.2631578947368421,0.0,0.7368421052631579
