close,neutral,open
0.2159090909090909,0.022727272727272728,0.7613636363636364
