close,neutral,open
0.38461538461538464,0.20512820512820512,0.41025641025641024
0.425,0.2,0.375
0.46153846153846156,0.1282051282051282,0.41025641025641024
0.358974358974359,0.20512820512820512,0.4358974358974359
