close,neutral,open,closeMid,openMid
0.15789473684210525,0.0,0.5263157894736842,0.15789473684210525,0.15789473684210525
0.21052631578947367,0.10526315789473684,0.631578947368421,0.0,0.05263157894736842
0.2631578947368421,0.0,0.5263157894736842,0.0,0.21052631578947367
0.15789473684210525,0.0,0.631578947368421,0.0,0.21052631578947367
