close,neutral,open,closeMid,openMid
0.19333333333333333,0.19333333333333333,0.43333333333333335,0.04666666666666667,0.13333333333333333
