close,neutral,open
0.40764331210191085,0.18471337579617833,0.40764331210191085
