close,neutral,open
0.3111111111111111,0.21481481481481482,0.4740740740740741
