close,neutral,open
0.3333333333333333,0.23809523809523808,0.42857142857142855
0.3076923076923077,0.23076923076923078,0.46153846153846156
0.2972972972972973,0.16216216216216217,0.5405405405405406
0.23684210526315788,0.23684210526315788,0.5263157894736842
