close,neutral,open
0.23684210526315788,0.02631578947368421,0.7368421052631579
