close,neutral,open
0.2857142857142857,0.011904761904761904,0.7023809523809523
