close,neutral,open
0.5,0.0,0.5
0.45454545454545453,0.0,0.5454545454545454
0.5454545454545454,0.0,0.45454545454545453
0.2727272727272727,0.0,0.7272727272727273
