close,neutral,open
0.30952380952380953,0.023809523809523808,0.6666666666666666
