close,neutral,open
0.3333333333333333,0.05952380952380952,0.6071428571428571
