close,neutral,open,closeMid,openMid
0.24096385542168675,0.024096385542168676,0.4939759036144578,0.10843373493975904,0.13253012048192772
