close,neutral,open
0.2857142857142857,0.0,0.7142857142857143
0.35294117647058826,0.0,0.6470588235294118
0.4,0.0,0.6
0.5294117647058824,0.11764705882352941,0.35294117647058826
0.21428571428571427,0.0,0.7857142857142857
0.4444444444444444,0.0,0.5555555555555556
