close,neutral,open
0.2857142857142857,0.0,0.7142857142857143
0.2857142857142857,0.07142857142857142,0.6428571428571429
0.35714285714285715,0.0,0.6428571428571429
0.5,0.07142857142857142,0.42857142857142855
0.07142857142857142,0.0,0.9285714285714286
0.35714285714285715,0.0,0.6428571428571429
