close,neutral,open
0.2857142857142857,0.0,0.7142857142857143
0.29411764705882354,0.058823529411764705,0.6470588235294118
0.3333333333333333,0.0,0.6666666666666666
0.47058823529411764,0.11764705882352941,0.4117647058823529
0.07142857142857142,0.0,0.9285714285714286
0.4166666666666667,0.0,0.5833333333333334
