close,neutral,open
0.39285714285714285,0.011904761904761904,0.5952380952380952
