close,neutral,open
0.38461538461538464,0.019230769230769232,0.5961538461538461
