close,neutral,open,closeMid,openMid
0.35714285714285715,0.0,0.35714285714285715,0.0,0.2857142857142857
0.2857142857142857,0.07142857142857142,0.35714285714285715,0.14285714285714285,0.14285714285714285
0.21428571428571427,0.0,0.5,0.14285714285714285,0.14285714285714285
0.3076923076923077,0.07692307692307693,0.38461538461538464,0.23076923076923078,0.0
0.07142857142857142,0.0,0.7857142857142857,0.0,0.14285714285714285
0.21428571428571427,0.0,0.5714285714285714,0.14285714285714285,0.07142857142857142
