close,neutral,open
0.3,0.1,0.6
0.27586206896551724,0.3448275862068966,0.3793103448275862
0.32142857142857145,0.21428571428571427,0.4642857142857143
0.2962962962962963,0.2962962962962963,0.4074074074074074
0.10714285714285714,0.07142857142857142,0.8214285714285714
0.34615384615384615,0.19230769230769232,0.46153846153846156
