close,neutral,open
0.3944954128440367,0.2018348623853211,0.4036697247706422
