close,neutral,open
0.4157303370786517,0.19101123595505617,0.39325842696629215
