close,neutral,open
0.35714285714285715,0.0,0.6428571428571429
0.42857142857142855,0.07142857142857142,0.5
0.35714285714285715,0.0,0.6428571428571429
0.5384615384615384,0.07692307692307693,0.38461538461538464
0.07142857142857142,0.0,0.9285714285714286
0.35714285714285715,0.0,0.6428571428571429
