close,neutral,open
0.32275132275132273,0.2275132275132275,0.4497354497354497
