close,neutral,open
0.375,0.125,0.5
0.2222222222222222,0.37037037037037035,0.4074074074074074
0.36,0.24,0.4
0.41379310344827586,0.27586206896551724,0.3103448275862069
0.16666666666666666,0.08333333333333333,0.75
0.4230769230769231,0.19230769230769232,0.38461538461538464
