close,neutral,open,closeMid,openMid
0.23333333333333334,0.1,0.43333333333333335,0.06666666666666667,0.16666666666666666
0.20689655172413793,0.3448275862068966,0.27586206896551724,0.06896551724137931,0.10344827586206896
0.14285714285714285,0.21428571428571427,0.39285714285714285,0.17857142857142858,0.07142857142857142
0.14814814814814814,0.2962962962962963,0.4074074074074074,0.14814814814814814,0.0
0.10714285714285714,0.07142857142857142,0.6428571428571429,0.0,0.17857142857142858
0.19230769230769232,0.19230769230769232,0.4230769230769231,0.15384615384615385,0.038461538461538464
