close,neutral,open
0.2903225806451613,0.0967741935483871,0.6129032258064516
0.2,0.34285714285714286,0.45714285714285713
0.3,0.23333333333333334,0.4666666666666667
0.34210526315789475,0.2631578947368421,0.39473684210526316
0.13793103448275862,0.06896551724137931,0.7931034482758621
0.3958333333333333,0.1875,0.4166666666666667
