close,neutral,open
0.27380952380952384,0.20238095238095238,0.5238095238095238
