close,neutral,open
0.3,0.1,0.6
0.2571428571428571,0.34285714285714286,0.4
0.3,0.23333333333333334,0.4666666666666667
0.2727272727272727,0.30303030303030304,0.42424242424242425
0.10714285714285714,0.07142857142857142,0.8214285714285714
0.3409090909090909,0.20454545454545456,0.45454545454545453
