close,neutral,open
0.288135593220339,0.192090395480226,0.519774011299435
