close,neutral,open,closeMid,openMid
0.17261904761904762,0.20238095238095238,0.42857142857142855,0.10119047619047619,0.09523809523809523
