close,neutral,open
0.32673267326732675,0.0297029702970297,0.6435643564356436
