close,neutral,open
0.2857142857142857,0.0,0.7142857142857143
0.29411764705882354,0.058823529411764705,0.6470588235294118
0.3333333333333333,0.06666666666666667,0.6
0.47058823529411764,0.17647058823529413,0.35294117647058826
0.14285714285714285,0.0,0.8571428571428571
0.4583333333333333,0.041666666666666664,0.5
