close,neutral,open
0.3465346534653465,0.0594059405940594,0.594059405940594
