close,neutral,open
0.5161290322580645,0.0967741935483871,0.3870967741935484
0.2777777777777778,0.3333333333333333,0.3888888888888889
0.4,0.23333333333333334,0.36666666666666664
0.42105263157894735,0.2631578947368421,0.3157894736842105
0.3103448275862069,0.06896551724137931,0.6206896551724138
0.4375,0.1875,0.375
