close,neutral,open
0.2903225806451613,0.0967741935483871,0.6129032258064516
0.20689655172413793,0.3448275862068966,0.4482758620689655
0.32142857142857145,0.21428571428571427,0.4642857142857143
0.375,0.25,0.375
0.13793103448275862,0.06896551724137931,0.7931034482758621
0.39285714285714285,0.17857142857142858,0.42857142857142855
