close,neutral,open
0.32903225806451614,0.21935483870967742,0.45161290322580644
