close,neutral,open
0.2890995260663507,0.2037914691943128,0.5071090047393365
