close,neutral,open
0.39622641509433965,0.2028301886792453,0.4009433962264151
