close,neutral,open
0.39603960396039606,0.019801980198019802,0.5841584158415841
