close,neutral,open
0.34615384615384615,0.0,0.6538461538461539
