close,neutral,open
0.3620689655172414,0.0,0.6379310344827587
