close,neutral,open
0.27450980392156865,0.19607843137254902,0.5294117647058824
0.3,0.16666666666666666,0.5333333333333333
0.34,0.08,0.58
