close,neutral,open
0.26717557251908397,0.16793893129770993,0.5648854961832062
