close,neutral,open
0.34615384615384615,0.0,0.6538461538461539
0.19230769230769232,0.0,0.8076923076923077
0.38461538461538464,0.0,0.6153846153846154
