close,neutral,open
0.3563218390804598,0.13793103448275862,0.5057471264367817
