close,neutral,open
0.24561403508771928,0.17543859649122806,0.5789473684210527
0.2857142857142857,0.15873015873015872,0.5555555555555556
0.3148148148148148,0.07407407407407407,0.6111111111111112
