close,neutral,open
0.24561403508771928,0.17543859649122806,0.5789473684210527
0.2786885245901639,0.16393442622950818,0.5573770491803278
0.27450980392156865,0.0784313725490196,0.6470588235294118
