close,neutral,open,closeMid,openMid
0.23076923076923078,0.038461538461538464,0.5769230769230769,0.0,0.15384615384615385
