close,neutral,open,closeMid,openMid
0.2833333333333333,0.0,0.5166666666666667,0.05,0.15
