close,neutral,open,closeMid,openMid
0.16793893129770993,0.16793893129770993,0.48091603053435117,0.09923664122137404,0.08396946564885496
