close,neutral,open
0.2564102564102564,0.2564102564102564,0.48717948717948717
0.34782608695652173,0.17391304347826086,0.4782608695652174
0.34210526315789475,0.10526315789473684,0.5526315789473685
