close,neutral,open
0.34615384615384615,0.0,0.6538461538461539
0.23076923076923078,0.0,0.7692307692307693
0.34615384615384615,0.0,0.6538461538461539
