close,neutral,open
0.38461538461538464,0.0,0.6153846153846154
0.19230769230769232,0.0,0.8076923076923077
0.46153846153846156,0.0,0.5384615384615384
