close,neutral,open
0.28160919540229884,0.13793103448275862,0.5804597701149425
