close,neutral,open
0.30434782608695654,0.14906832298136646,0.546583850931677
