close,neutral,open
0.36,0.0,0.64
0.19230769230769232,0.0,0.8076923076923077
0.44,0.0,0.56
