close,neutral,open
0.3076923076923077,0.0,0.6923076923076923
