close,neutral,open
0.32894736842105265,0.0,0.6710526315789473
