close,neutral,open
0.3684210526315789,0.0,0.631578947368421
0.25,0.0,0.75
0.47368421052631576,0.0,0.5263157894736842
