close,neutral,open
0.2867647058823529,0.16176470588235295,0.5514705882352942
