close,neutral,open,closeMid,openMid
0.15555555555555556,0.2222222222222222,0.4444444444444444,0.06666666666666667,0.1111111111111111
0.1702127659574468,0.1702127659574468,0.46808510638297873,0.14893617021276595,0.0425531914893617
0.1794871794871795,0.10256410256410256,0.5384615384615384,0.07692307692307693,0.10256410256410256
