close,neutral,open
0.26627218934911245,0.14201183431952663,0.591715976331361
