close,neutral,open
0.38333333333333336,0.0,0.6166666666666667
