close,neutral,open
0.2222222222222222,0.2222222222222222,0.5555555555555556
0.32653061224489793,0.16326530612244897,0.5102040816326531
0.30952380952380953,0.09523809523809523,0.5952380952380952
