close,neutral,open
0.3170731707317073,0.17886178861788618,0.5040650406504065
