close,neutral,open
0.3508771929824561,0.17543859649122806,0.47368421052631576
0.3333333333333333,0.15873015873015872,0.5079365079365079
0.3888888888888889,0.07407407407407407,0.5370370370370371
