close,neutral,open
0.2222222222222222,0.2222222222222222,0.5555555555555556
0.3191489361702128,0.1702127659574468,0.5106382978723404
0.2564102564102564,0.10256410256410256,0.6410256410256411
