close,neutral,open,closeMid,openMid
0.16153846153846155,0.15384615384615385,0.4846153846153846,0.09230769230769231,0.1076923076923077
