close,neutral,open
0.38235294117647056,0.16176470588235295,0.45588235294117646
