close,neutral,open
0.3333333333333333,0.0,0.6666666666666666
