close,neutral,open
0.35555555555555557,0.2222222222222222,0.4222222222222222
0.3877551020408163,0.16326530612244897,0.4489795918367347
0.40476190476190477,0.09523809523809523,0.5
