close,neutral,open
0.32,0.04,0.64
0.19444444444444445,0.0,0.8055555555555556
0.4186046511627907,0.023255813953488372,0.5581395348837209
