close,neutral,open
0.3055555555555556,0.027777777777777776,0.6666666666666666
