close,neutral,open
0.47393364928909953,0.15639810426540285,0.3696682464454976
