close,neutral,open
0.40476190476190477,0.2619047619047619,0.3333333333333333
0.3023255813953488,0.20930232558139536,0.4883720930232558
0.4,0.175,0.425
