close,neutral,open
0.44755244755244755,0.1888111888111888,0.36363636363636365
