close,neutral,open,closeMid,openMid
0.11627906976744186,0.2558139534883721,0.32558139534883723,0.18604651162790697,0.11627906976744186
0.0851063829787234,0.19148936170212766,0.40425531914893614,0.1702127659574468,0.14893617021276595
0.13636363636363635,0.1590909090909091,0.4318181818181818,0.1590909090909091,0.11363636363636363
