close,neutral,open
0.38028169014084506,0.04225352112676056,0.5774647887323944
