close,neutral,open
0.5370370370370371,0.2037037037037037,0.25925925925925924
0.375,0.1527777777777778,0.4722222222222222
0.5176470588235295,0.12941176470588237,0.35294117647058826
