close,neutral,open
0.323943661971831,0.19014084507042253,0.4859154929577465
