close,neutral,open
0.5412844036697247,0.009174311926605505,0.44954128440366975
