close,neutral,open
0.37037037037037035,0.037037037037037035,0.5925925925925926
0.25,0.0,0.75
0.4186046511627907,0.023255813953488372,0.5581395348837209
