close,neutral,open
0.28169014084507044,0.028169014084507043,0.6901408450704225
