close,neutral,open
0.4791666666666667,0.22916666666666666,0.2916666666666667
0.375,0.1875,0.4375
0.48936170212765956,0.14893617021276595,0.3617021276595745
