close,neutral,open
0.43478260869565216,0.043478260869565216,0.5217391304347826
0.3333333333333333,0.0,0.6666666666666666
0.391304347826087,0.08695652173913043,0.5217391304347826
