close,neutral,open
0.4791666666666667,0.22916666666666666,0.2916666666666667
0.296875,0.171875,0.53125
0.44594594594594594,0.14864864864864866,0.40540540540540543
