close,neutral,open
0.5925925925925926,0.0,0.4074074074074074
0.3888888888888889,0.0,0.6111111111111112
0.6046511627906976,0.023255813953488372,0.37209302325581395
