close,neutral,open
0.2608695652173913,0.043478260869565216,0.6956521739130435
0.25,0.0,0.75
0.3333333333333333,0.041666666666666664,0.625
