close,neutral,open
0.3023255813953488,0.2558139534883721,0.4418604651162791
0.2553191489361702,0.19148936170212766,0.5531914893617021
0.29545454545454547,0.1590909090909091,0.5454545454545454
