close,neutral,open
0.35714285714285715,0.15714285714285714,0.4857142857142857
