close,neutral,open
0.5,0.013888888888888888,0.4861111111111111
