close,neutral,open
0.4032258064516129,0.1774193548387097,0.41935483870967744
