close,neutral,open
0.42857142857142855,0.0380952380952381,0.5333333333333333
