close,neutral,open,closeMid,openMid
0.17391304347826086,0.043478260869565216,0.5217391304347826,0.08695652173913043,0.17391304347826086
0.08333333333333333,0.0,0.5,0.16666666666666666,0.25
0.16666666666666666,0.041666666666666664,0.5,0.16666666666666666,0.125
