close,neutral,open
0.5185185185185185,0.037037037037037035,0.4444444444444444
0.3055555555555556,0.0,0.6944444444444444
0.47619047619047616,0.07142857142857142,0.4523809523809524
