close,neutral,open
0.3076923076923077,0.16923076923076924,0.5230769230769231
