close,neutral,open
0.47465437788018433,0.15207373271889402,0.37327188940092165
