close,neutral,open,closeMid,openMid
0.14084507042253522,0.028169014084507043,0.5070422535211268,0.14084507042253522,0.18309859154929578
