close,neutral,open
0.5925925925925926,0.0,0.4074074074074074
0.3888888888888889,0.0,0.6111111111111112
0.6304347826086957,0.021739130434782608,0.34782608695652173
