close,neutral,open
0.3490566037735849,0.018867924528301886,0.6320754716981132
