close,neutral,open,closeMid,openMid
0.11194029850746269,0.20149253731343283,0.3880597014925373,0.17164179104477612,0.12686567164179105
