close,neutral,open
0.5283018867924528,0.009433962264150943,0.46226415094339623
