close,neutral,open
0.2835820895522388,0.20149253731343283,0.5149253731343284
