close,neutral,open
0.4339622641509434,0.20754716981132076,0.3584905660377358
0.2638888888888889,0.1527777777777778,0.5833333333333334
0.38823529411764707,0.12941176470588237,0.4823529411764706
