close,neutral,open
0.3617021276595745,0.23404255319148937,0.40425531914893614
0.2708333333333333,0.1875,0.5416666666666666
0.3404255319148936,0.14893617021276595,0.5106382978723404
