close,neutral,open
0.5370370370370371,0.2037037037037037,0.25925925925925924
0.375,0.1527777777777778,0.4722222222222222
0.5164835164835165,0.12087912087912088,0.3626373626373626
