close,neutral,open
0.34782608695652173,0.2391304347826087,0.41304347826086957
0.24285714285714285,0.15714285714285714,0.6
0.34177215189873417,0.13924050632911392,0.5189873417721519
