close,neutral,open
0.2916666666666667,0.041666666666666664,0.6666666666666666
0.2916666666666667,0.0,0.7083333333333334
0.3333333333333333,0.041666666666666664,0.625
