close,neutral,open
0.3142857142857143,0.01904761904761905,0.6666666666666666
