close,neutral,open
0.36363636363636365,0.23376623376623376,0.4025974025974026
