close,neutral,open
0.23809523809523808,0.38095238095238093,0.38095238095238093
0.375,0.20833333333333334,0.4166666666666667
0.25,0.20833333333333334,0.5416666666666666
