close,neutral,open,closeMid,openMid
0.13636363636363635,0.0,0.45454545454545453,0.0,0.4090909090909091
