close,neutral,open
0.36,0.32,0.32
0.4444444444444444,0.18518518518518517,0.37037037037037035
0.28,0.2,0.52
