close,neutral,open
0.3333333333333333,0.3333333333333333,0.3333333333333333
0.4146341463414634,0.21951219512195122,0.36585365853658536
0.2857142857142857,0.20408163265306123,0.5102040816326531
