close,neutral,open
0.20833333333333334,0.0,0.7916666666666666
