close,neutral,open
0.3416666666666667,0.24166666666666667,0.4166666666666667
