close,neutral,open
0.24166666666666667,0.24166666666666667,0.5166666666666667
