close,neutral,open
0.08333333333333333,0.0,0.9166666666666666
