close,neutral,open
0.2,0.32,0.48
0.3333333333333333,0.18518518518518517,0.48148148148148145
0.24,0.2,0.56
