close,neutral,open,closeMid,openMid
0.08333333333333333,0.0,0.625,0.0,0.2916666666666667
