close,neutral,open
0.13793103448275862,0.3448275862068966,0.5172413793103449
0.2564102564102564,0.23076923076923078,0.5128205128205128
0.2127659574468085,0.2127659574468085,0.574468085106383
