close,neutral,open
0.3333333333333333,0.3333333333333333,0.3333333333333333
0.4146341463414634,0.21951219512195122,0.36585365853658536
0.2459016393442623,0.19672131147540983,0.5573770491803278
