close,neutral,open
0.1,0.0,0.9
0.16666666666666666,0.0,0.8333333333333334
0.0,0.0,1.0
