close,neutral,open
0.2191780821917808,0.2465753424657534,0.5342465753424658
