close,neutral,open
0.08333333333333333,0.125,0.7916666666666666
