close,neutral,open
0.3181818181818182,0.23484848484848486,0.44696969696969696
