close,neutral,open
0.16666666666666666,0.3333333333333333,0.5
0.28,0.2,0.52
0.20833333333333334,0.20833333333333334,0.5833333333333334
