close,neutral,open
0.16666666666666666,0.3333333333333333,0.5
0.2926829268292683,0.21951219512195122,0.4878048780487805
0.24489795918367346,0.20408163265306123,0.5510204081632653
