close,neutral,open
0.07894736842105263,0.0,0.9210526315789473
