close,neutral,open
0.26851851851851855,0.26851851851851855,0.46296296296296297
