close,neutral,open
0.2,0.4,0.4
0.3333333333333333,0.25,0.4166666666666667
0.2553191489361702,0.2127659574468085,0.5319148936170213
