close,neutral,open,closeMid,openMid
0.1506849315068493,0.2465753424657534,0.3698630136986301,0.0684931506849315,0.1643835616438356
