close,neutral,open,closeMid,openMid
0.136986301369863,0.2328767123287671,0.3835616438356164,0.0684931506849315,0.1780821917808219
