close,neutral,open
0.07894736842105263,0.10526315789473684,0.8157894736842105
