close,neutral,open
0.2597402597402597,0.23376623376623376,0.5064935064935064
