close,neutral,open
0.1,0.2,0.7
0.16666666666666666,0.0,0.8333333333333334
0.0,0.125,0.875
