close,neutral,open
0.20869565217391303,0.25217391304347825,0.5391304347826087
