close,neutral,open,closeMid,openMid
0.08333333333333333,0.3333333333333333,0.375,0.08333333333333333,0.125
0.2,0.2,0.4,0.08,0.12
0.16666666666666666,0.20833333333333334,0.3333333333333333,0.041666666666666664,0.25
