close,neutral,open
0.18421052631578946,0.0,0.8157894736842105
