close,neutral,open
0.2898550724637681,0.2608695652173913,0.4492753623188406
