close,neutral,open
0.31683168316831684,0.21782178217821782,0.46534653465346537
