close,neutral,open
0.22297297297297297,0.1891891891891892,0.5878378378378378
