close,neutral,open
0.33760683760683763,0.18803418803418803,0.47435897435897434
