close,neutral,open
0.33974358974358976,0.20512820512820512,0.4551282051282051
