close,neutral,open,closeMid,openMid
0.10714285714285714,0.03571428571428571,0.625,0.05357142857142857,0.17857142857142858
