close,neutral,open
0.23595505617977527,0.02247191011235955,0.7415730337078652
