close,neutral,open
0.23529411764705882,0.0,0.7647058823529411
