close,neutral,open
0.25,0.2391304347826087,0.5108695652173914
