close,neutral,open
0.23376623376623376,0.2077922077922078,0.5584415584415584
