close,neutral,open
0.21818181818181817,0.0,0.7818181818181819
