close,neutral,open,closeMid,openMid
0.11458333333333333,0.1875,0.4479166666666667,0.11458333333333333,0.13541666666666666
