close,neutral,open
0.3111111111111111,0.0,0.6888888888888889
