close,neutral,open,closeMid,openMid
0.0851063829787234,0.23404255319148937,0.46808510638297873,0.09574468085106383,0.11702127659574468
