close,neutral,open
0.2589928057553957,0.2302158273381295,0.5107913669064749
