close,neutral,open
0.3157894736842105,0.0,0.6842105263157895
