close,neutral,open
0.33707865168539325,0.0,0.6629213483146067
