close,neutral,open
0.27586206896551724,0.022988505747126436,0.7011494252873564
