close,neutral,open
0.22807017543859648,0.017543859649122806,0.7543859649122807
