close,neutral,open
0.26785714285714285,0.017857142857142856,0.7142857142857143
