close,neutral,open
0.22916666666666666,0.1875,0.5833333333333334
