close,neutral,open
0.3313253012048193,0.10843373493975904,0.5602409638554217
