close,neutral,open
0.3333333333333333,0.030303030303030304,0.6363636363636364
