close,neutral,open,closeMid,openMid
0.21951219512195122,0.13008130081300814,0.3983739837398374,0.08130081300813008,0.17073170731707318
