close,neutral,open
0.3484848484848485,0.015151515151515152,0.6363636363636364
