close,neutral,open
0.3269230769230769,0.09615384615384616,0.5769230769230769
0.2,0.18,0.62
0.34545454545454546,0.07272727272727272,0.5818181818181818
