close,neutral,open
0.4186046511627907,0.09302325581395349,0.4883720930232558
0.38636363636363635,0.18181818181818182,0.4318181818181818
0.4772727272727273,0.09090909090909091,0.4318181818181818
