close,neutral,open
0.3618421052631579,0.11842105263157894,0.5197368421052632
