close,neutral,open
0.2727272727272727,0.045454545454545456,0.6818181818181818
0.3181818181818182,0.045454545454545456,0.6363636363636364
0.4090909090909091,0.0,0.5909090909090909
