close,neutral,open,closeMid,openMid
0.2727272727272727,0.030303030303030304,0.4393939393939394,0.06060606060606061,0.19696969696969696
