close,neutral,open
0.375,0.1,0.525
0.325,0.2,0.475
0.41025641025641024,0.10256410256410256,0.48717948717948717
