close,neutral,open
0.3181818181818182,0.045454545454545456,0.6363636363636364
0.45454545454545453,0.0,0.5454545454545454
0.45454545454545453,0.0,0.5454545454545454
