close,neutral,open
0.37254901960784315,0.09803921568627451,0.5294117647058824
0.3137254901960784,0.17647058823529413,0.5098039215686274
0.4,0.08,0.52
