close,neutral,open
0.3493975903614458,0.024096385542168676,0.6265060240963856
