close,neutral,open
0.32142857142857145,0.03571428571428571,0.6428571428571429
0.42857142857142855,0.0,0.5714285714285714
0.42857142857142855,0.0,0.5714285714285714
