close,neutral,open
0.32142857142857145,0.023809523809523808,0.6547619047619048
