close,neutral,open
0.325,0.1,0.575
0.225,0.2,0.575
0.3488372093023256,0.09302325581395349,0.5581395348837209
