close,neutral,open
0.35714285714285715,0.09523809523809523,0.5476190476190477
0.29545454545454547,0.18181818181818182,0.5227272727272727
0.36363636363636365,0.09090909090909091,0.5454545454545454
