close,neutral,open
0.36923076923076925,0.03076923076923077,0.6
