close,neutral,open,closeMid,openMid
0.2727272727272727,0.045454545454545456,0.5,0.0,0.18181818181818182
0.3181818181818182,0.045454545454545456,0.45454545454545453,0.0,0.18181818181818182
0.22727272727272727,0.0,0.36363636363636365,0.18181818181818182,0.22727272727272727
