close,neutral,open
0.2857142857142857,0.047619047619047616,0.6666666666666666
0.36363636363636365,0.045454545454545456,0.5909090909090909
0.45454545454545453,0.0,0.5454545454545454
