close,neutral,open
0.41916167664670656,0.10778443113772455,0.47305389221556887
