close,neutral,open
0.2857142857142857,0.2857142857142857,0.42857142857142855
0.25,0.0,0.75
0.5,0.0,0.5
0.625,0.125,0.25
0.5,0.0,0.5
0.3333333333333333,0.16666666666666666,0.5
0.25,0.25,0.5
0.25,0.25,0.5
0.3333333333333333,0.0,0.6666666666666666
0.625,0.25,0.125
0.5,0.125,0.375
0.3333333333333333,0.16666666666666666,0.5
0.5,0.25,0.25
0.25,0.125,0.625
0.5,0.0,0.5
0.625,0.0,0.375
0.625,0.125,0.25
0.3333333333333333,0.0,0.6666666666666666
