close,neutral,open
0.4090909090909091,0.015151515151515152,0.5757575757575758
