close,neutral,open,closeMid,openMid
0.25,0.1,0.4,0.075,0.175
0.175,0.2,0.4,0.05,0.175
0.23255813953488372,0.09302325581395349,0.3953488372093023,0.11627906976744186,0.16279069767441862
