close,neutral,open
0.3384615384615385,0.12307692307692308,0.5384615384615384
