close,neutral,open
0.3333333333333333,0.011904761904761904,0.6547619047619048
