close,neutral,open
0.3697478991596639,0.13445378151260504,0.4957983193277311
