close,neutral,open
0.2929936305732484,0.11464968152866242,0.5923566878980892
