close,neutral,open
0.35185185185185186,0.09259259259259259,0.5555555555555556
0.2857142857142857,0.16071428571428573,0.5535714285714286
0.35714285714285715,0.07142857142857142,0.5714285714285714
