close,neutral,open
0.41818181818181815,0.09090909090909091,0.4909090909090909
0.375,0.16071428571428573,0.4642857142857143
0.4642857142857143,0.07142857142857142,0.4642857142857143
