close,neutral,open
0.42748091603053434,0.12213740458015267,0.45038167938931295
