close,neutral,open
0.2857142857142857,0.03571428571428571,0.6785714285714286
0.2857142857142857,0.03571428571428571,0.6785714285714286
0.39285714285714285,0.0,0.6071428571428571
