close,neutral,open
0.3008130081300813,0.13008130081300814,0.5691056910569106
