close,neutral,open
0.38823529411764707,0.023529411764705882,0.5882352941176471
