close,neutral,open
0.39215686274509803,0.0392156862745098,0.5686274509803921
