close,neutral,open
0.5555555555555556,0.037037037037037035,0.4074074074074074
0.4074074074074074,0.0,0.5925925925925926
0.36363636363636365,0.09090909090909091,0.5454545454545454
0.4074074074074074,0.037037037037037035,0.5555555555555556
