close,neutral,open
0.34615384615384615,0.24175824175824176,0.41208791208791207
