close,neutral,open
0.4368932038834951,0.038834951456310676,0.5242718446601942
