close,neutral,open
0.48148148148148145,0.037037037037037035,0.48148148148148145
0.4074074074074074,0.0,0.5925925925925926
0.36363636363636365,0.0,0.6363636363636364
0.3333333333333333,0.037037037037037035,0.6296296296296297
