close,neutral,open
0.5454545454545454,0.0,0.45454545454545453
0.4090909090909091,0.0,0.5909090909090909
0.47368421052631576,0.0,0.5263157894736842
0.5,0.0,0.5
