close,neutral,open,closeMid,openMid
0.16184971098265896,0.2658959537572254,0.24855491329479767,0.12138728323699421,0.2023121387283237
