close,neutral,open
0.4854368932038835,0.0,0.5145631067961165
