close,neutral,open
0.39805825242718446,0.019417475728155338,0.5825242718446602
