close,neutral,open,closeMid,openMid
0.2261904761904762,0.047619047619047616,0.2619047619047619,0.16666666666666666,0.2976190476190476
