close,neutral,open,closeMid,openMid
0.2727272727272727,0.045454545454545456,0.2727272727272727,0.18181818181818182,0.22727272727272727
0.13636363636363635,0.0,0.18181818181818182,0.3181818181818182,0.36363636363636365
0.3157894736842105,0.10526315789473684,0.3157894736842105,0.0,0.2631578947368421
0.19047619047619047,0.047619047619047616,0.2857142857142857,0.14285714285714285,0.3333333333333333
