close,neutral,open,closeMid,openMid
0.2,0.2,0.26666666666666666,0.17777777777777778,0.15555555555555556
0.1111111111111111,0.26666666666666666,0.15555555555555556,0.2,0.26666666666666666
0.2682926829268293,0.2926829268292683,0.2682926829268293,0.024390243902439025,0.14634146341463414
0.175,0.275,0.175,0.15,0.225
