close,neutral,open,closeMid,openMid
0.1871345029239766,0.2573099415204678,0.21637426900584794,0.14035087719298245,0.19883040935672514
