close,neutral,open,closeMid,openMid
0.30434782608695654,0.021739130434782608,0.13043478260869565,0.13043478260869565,0.41304347826086957
