close,neutral,open
0.42,0.26,0.32
0.3157894736842105,0.2982456140350877,0.38596491228070173
0.32727272727272727,0.3090909090909091,0.36363636363636365
0.41509433962264153,0.2641509433962264,0.32075471698113206
