close,neutral,open
0.5185185185185185,0.037037037037037035,0.4444444444444444
0.4444444444444444,0.0,0.5555555555555556
0.2727272727272727,0.09090909090909091,0.6363636363636364
0.3076923076923077,0.038461538461538464,0.6538461538461539
