close,neutral,open
0.39285714285714285,0.047619047619047616,0.5595238095238095
