close,neutral,open
0.6296296296296297,0.0,0.37037037037037035
0.4074074074074074,0.0,0.5925925925925926
0.45454545454545453,0.0,0.5454545454545454
0.4444444444444444,0.0,0.5555555555555556
