close,neutral,open
0.32242990654205606,0.2850467289719626,0.3925233644859813
