close,neutral,open
0.45454545454545453,0.045454545454545456,0.5
0.45454545454545453,0.0,0.5454545454545454
0.3157894736842105,0.10526315789473684,0.5789473684210527
0.3333333333333333,0.047619047619047616,0.6190476190476191
