close,neutral,open
0.41125541125541126,0.26406926406926406,0.3246753246753247
