close,neutral,open
0.46808510638297873,0.19148936170212766,0.3404255319148936
0.32608695652173914,0.2608695652173913,0.41304347826086957
0.391304347826087,0.2608695652173913,0.34782608695652173
0.4782608695652174,0.2391304347826087,0.2826086956521739
