close,neutral,open
0.5,0.22413793103448276,0.27586206896551724
0.3275862068965517,0.29310344827586204,0.3793103448275862
0.3620689655172414,0.29310344827586204,0.3448275862068966
0.45614035087719296,0.24561403508771928,0.2982456140350877
