close,neutral,open
0.4823529411764706,0.0,0.5176470588235295
