close,neutral,open
0.34649122807017546,0.2675438596491228,0.38596491228070173
