close,neutral,open
0.45454545454545453,0.045454545454545456,0.5
0.4090909090909091,0.0,0.5909090909090909
0.42105263157894735,0.05263157894736842,0.5263157894736842
0.45454545454545453,0.045454545454545456,0.5
