close,neutral,open
0.32748538011695905,0.2573099415204678,0.4152046783625731
