close,neutral,open
0.3684210526315789,0.2573099415204678,0.3742690058479532
