close,neutral,open
0.3674418604651163,0.2837209302325581,0.3488372093023256
