close,neutral,open
0.37777777777777777,0.2,0.4222222222222222
0.3111111111111111,0.26666666666666666,0.4222222222222222
0.2926829268292683,0.2926829268292683,0.4146341463414634
0.325,0.275,0.4
