close,neutral,open
0.3684210526315789,0.22807017543859648,0.40350877192982454
0.3103448275862069,0.29310344827586204,0.39655172413793105
0.3157894736842105,0.2982456140350877,0.38596491228070173
0.39285714285714285,0.25,0.35714285714285715
