close,neutral,open
0.32608695652173914,0.1956521739130435,0.4782608695652174
0.30434782608695654,0.2608695652173913,0.43478260869565216
0.35555555555555557,0.26666666666666666,0.37777777777777777
0.4,0.24444444444444444,0.35555555555555557
