close,neutral,open
0.41621621621621624,0.23783783783783785,0.34594594594594597
