close,neutral,open
0.43529411764705883,0.03529411764705882,0.5294117647058824
