close,neutral,open
0.35714285714285715,0.3392857142857143,0.30357142857142855
