close,neutral,open
0.25,0.375,0.375
0.25,0.375,0.375
0.5,0.125,0.375
0.42857142857142855,0.2857142857142857,0.2857142857142857
0.42857142857142855,0.2857142857142857,0.2857142857142857
0.2857142857142857,0.14285714285714285,0.5714285714285714
0.2857142857142857,0.42857142857142855,0.2857142857142857
0.25,0.5,0.25
0.25,0.5,0.25
