close,neutral,open
0.3235294117647059,0.3382352941176471,0.3382352941176471
