close,neutral,open
0.3548387096774194,0.2903225806451613,0.3548387096774194
0.2972972972972973,0.3783783783783784,0.32432432432432434
