close,neutral,open
0.4722222222222222,0.0,0.5277777777777778
