close,neutral,open,closeMid,openMid
0.19642857142857142,0.30357142857142855,0.25,0.08928571428571429,0.16071428571428573
