close,neutral,open
0.45161290322580644,0.2903225806451613,0.25806451612903225
0.32432432432432434,0.3783783783783784,0.2972972972972973
