close,neutral,open
0.45161290322580644,0.2903225806451613,0.25806451612903225
0.3448275862068966,0.3448275862068966,0.3103448275862069
