close,neutral,open
0.38235294117647056,0.3382352941176471,0.27941176470588236
