close,neutral,open
0.2857142857142857,0.32142857142857145,0.39285714285714285
0.2777777777777778,0.3888888888888889,0.3333333333333333
