close,neutral,open,closeMid,openMid
0.21428571428571427,0.32142857142857145,0.2857142857142857,0.07142857142857142,0.10714285714285714
0.17857142857142858,0.35714285714285715,0.21428571428571427,0.10714285714285714,0.14285714285714285
