close,neutral,open
0.2857142857142857,0.3392857142857143,0.375
