close,neutral,open
0.39285714285714285,0.32142857142857145,0.2857142857142857
0.32142857142857145,0.35714285714285715,0.32142857142857145
