close,neutral,open
0.4,0.31666666666666665,0.2833333333333333
