close,neutral,open
0.4722222222222222,0.05555555555555555,0.4722222222222222
