close,neutral,open
0.4,0.0,0.6
0.47368421052631576,0.0,0.5263157894736842
