close,neutral,open
0.4,0.0,0.6
0.4666666666666667,0.0,0.5333333333333333
