close,neutral,open,closeMid,openMid
0.3,0.0,0.36666666666666664,0.13333333333333333,0.2
