close,neutral,open,closeMid,openMid
0.26666666666666666,0.0,0.4,0.13333333333333333,0.2
0.3333333333333333,0.0,0.3333333333333333,0.13333333333333333,0.2
