close,neutral,open
0.28125,0.359375,0.359375
