close,neutral,open,closeMid,openMid
0.19642857142857142,0.3392857142857143,0.25,0.08928571428571429,0.125
