close,neutral,open
0.3333333333333333,0.31666666666666665,0.35
