close,neutral,open
0.3548387096774194,0.2903225806451613,0.3548387096774194
0.3103448275862069,0.3448275862068966,0.3448275862068966
