close,neutral,open
0.4411764705882353,0.0,0.5588235294117647
