close,neutral,open
0.39285714285714285,0.32142857142857145,0.2857142857142857
0.3055555555555556,0.3888888888888889,0.3055555555555556
