close,neutral,open
0.5277777777777778,0.0,0.4722222222222222
