close,neutral,open
0.46875,0.0625,0.46875
