close,neutral,open
0.34375,0.359375,0.296875
