close,neutral,open
0.28205128205128205,0.07692307692307693,0.6410256410256411
0.40625,0.03125,0.5625
