close,neutral,open
0.2777777777777778,0.18981481481481483,0.5324074074074074
