close,neutral,open
0.4318181818181818,0.0,0.5681818181818182
0.5,0.0,0.5
0.375,0.0,0.625
