close,neutral,open
0.23529411764705882,0.20098039215686275,0.5637254901960784
