close,neutral,open
0.31746031746031744,0.21693121693121692,0.4656084656084656
