close,neutral,open
0.2857142857142857,0.07142857142857142,0.6428571428571429
0.40625,0.03125,0.5625
0.375,0.0,0.625
