close,neutral,open
0.2727272727272727,0.022727272727272728,0.7045454545454546
0.40625,0.03125,0.5625
0.375,0.0,0.625
