close,neutral,open
0.3333333333333333,0.027777777777777776,0.6388888888888888
