close,neutral,open
0.25252525252525254,0.18181818181818182,0.5656565656565656
0.3218390804597701,0.21839080459770116,0.45977011494252873
