close,neutral,open
0.3055555555555556,0.041666666666666664,0.6527777777777778
