close,neutral,open
0.40825688073394495,0.18807339449541285,0.4036697247706422
