close,neutral,open
0.2849462365591398,0.1989247311827957,0.5161290322580645
