close,neutral,open
0.30120481927710846,0.21686746987951808,0.4819277108433735
0.35443037974683544,0.24050632911392406,0.4050632911392405
