close,neutral,open
0.23853211009174313,0.1743119266055046,0.5871559633027523
0.3218390804597701,0.21839080459770116,0.45977011494252873
0.3,0.15,0.55
