close,neutral,open,closeMid,openMid
0.15517241379310345,0.21264367816091953,0.4482758620689655,0.08045977011494253,0.10344827586206896
