close,neutral,open,closeMid,openMid
0.1638418079096045,0.1977401129943503,0.4463276836158192,0.07344632768361582,0.11864406779661017
