close,neutral,open
0.2857142857142857,0.2087912087912088,0.5054945054945055
0.35443037974683544,0.24050632911392406,0.4050632911392405
0.3157894736842105,0.15789473684210525,0.5263157894736842
