close,neutral,open
0.3271604938271605,0.22839506172839505,0.4444444444444444
