close,neutral,open,closeMid,openMid
0.2222222222222222,0.041666666666666664,0.5,0.08333333333333333,0.1527777777777778
