close,neutral,open
0.34146341463414637,0.04878048780487805,0.6097560975609756
