close,neutral,open
0.4090909090909091,0.17272727272727273,0.41818181818181815
0.42045454545454547,0.2159090909090909,0.36363636363636365
0.35,0.15,0.5
