close,neutral,open
0.1941747572815534,0.18446601941747573,0.6213592233009708
0.2716049382716049,0.2345679012345679,0.49382716049382713
0.3,0.15,0.55
