close,neutral,open
0.42,0.18,0.4
0.42045454545454547,0.2159090909090909,0.36363636363636365
