close,neutral,open
0.3333333333333333,0.023809523809523808,0.6428571428571429
