close,neutral,open
0.3380281690140845,0.056338028169014086,0.6056338028169014
