close,neutral,open
0.4523809523809524,0.0,0.5476190476190477
