close,neutral,open,closeMid,openMid
0.125,0.05,0.525,0.125,0.175
0.34375,0.03125,0.46875,0.03125,0.125
