close,neutral,open
0.42021276595744683,0.19680851063829788,0.3829787234042553
