close,neutral,open,closeMid,openMid
0.11827956989247312,0.1935483870967742,0.5053763440860215,0.08602150537634409,0.0967741935483871
0.19753086419753085,0.2345679012345679,0.38271604938271603,0.07407407407407407,0.1111111111111111
