close,neutral,open
0.4583333333333333,0.0,0.5416666666666666
