close,neutral,open
0.30952380952380953,0.03571428571428571,0.6547619047619048
