close,neutral,open
0.25,0.05,0.7
0.375,0.03125,0.59375
