close,neutral,open
0.23563218390804597,0.21264367816091953,0.5517241379310345
