close,neutral,open
0.20430107526881722,0.1935483870967742,0.6021505376344086
0.2716049382716049,0.2345679012345679,0.49382716049382713
