close,neutral,open
0.275,0.025,0.7
0.40625,0.03125,0.5625
