close,neutral,open
0.25,0.045454545454545456,0.7045454545454546
0.375,0.03125,0.59375
0.375,0.0,0.625
