close,neutral,open,closeMid,openMid
0.1875,0.1875,0.4375,0.15625,0.03125
0.13333333333333333,0.26666666666666666,0.4,0.1,0.1
0.07142857142857142,0.32142857142857145,0.5357142857142857,0.0,0.07142857142857142
0.25806451612903225,0.25806451612903225,0.3870967741935484,0.06451612903225806,0.03225806451612903
0.17391304347826086,0.30434782608695654,0.34782608695652173,0.08695652173913043,0.08695652173913043
0.14285714285714285,0.39285714285714285,0.21428571428571427,0.07142857142857142,0.17857142857142858
0.16666666666666666,0.16666666666666666,0.43333333333333335,0.13333333333333333,0.1
