close,neutral,open
0.39285714285714285,0.21428571428571427,0.39285714285714285
0.2962962962962963,0.2962962962962963,0.4074074074074074
0.08,0.36,0.56
0.43333333333333335,0.26666666666666666,0.3
0.45454545454545453,0.3181818181818182,0.22727272727272727
0.36666666666666664,0.36666666666666664,0.26666666666666666
0.3333333333333333,0.18518518518518517,0.48148148148148145
