close,neutral,open
0.29767441860465116,0.25116279069767444,0.4511627906976744
