close,neutral,open
0.34375,0.1875,0.46875
0.23333333333333334,0.26666666666666666,0.5
0.07142857142857142,0.32142857142857145,0.6071428571428571
0.3225806451612903,0.25806451612903225,0.41935483870967744
0.2608695652173913,0.30434782608695654,0.43478260869565216
0.21428571428571427,0.39285714285714285,0.39285714285714285
0.3,0.16666666666666666,0.5333333333333333
