close,neutral,open,closeMid,openMid
0.1485148514851485,0.27722772277227725,0.41089108910891087,0.07425742574257425,0.0891089108910891
