close,neutral,open
0.3386243386243386,0.2857142857142857,0.37566137566137564
