close,neutral,open
0.4186046511627907,0.25116279069767444,0.3302325581395349
