close,neutral,open,closeMid,openMid
0.16336633663366337,0.26732673267326734,0.39603960396039606,0.0891089108910891,0.08415841584158416
