close,neutral,open,closeMid,openMid
0.16666666666666666,0.0,0.75,0.0,0.08333333333333333
0.09090909090909091,0.0,0.6363636363636364,0.0,0.2727272727272727
0.0,0.0,0.8,0.0,0.2
0.18181818181818182,0.0,0.7272727272727273,0.09090909090909091,0.0
0.25,0.16666666666666666,0.5,0.0,0.08333333333333333
0.25,0.08333333333333333,0.3333333333333333,0.0,0.3333333333333333
0.16666666666666666,0.0,0.5,0.25,0.08333333333333333
