close,neutral,open,closeMid,openMid
0.16666666666666666,0.05,0.5833333333333334,0.016666666666666666,0.18333333333333332
