close,neutral,open
0.4074074074074074,0.0,0.5925925925925926
