close,neutral,open
0.2524752475247525,0.26732673267326734,0.4801980198019802
