close,neutral,open
0.46621621621621623,0.17567567567567569,0.3581081081081081
