close,neutral,open
0.36065573770491804,0.1912568306010929,0.44808743169398907
