close,neutral,open
0.4,0.2,0.4
0.75,0.0,0.25
0.2,0.2,0.6
0.25,0.0,0.75
0.6,0.2,0.2
0.5,0.0,0.5
0.25,0.25,0.5
0.75,0.25,0.0
0.4,0.2,0.4
0.5,0.0,0.5
0.4,0.2,0.4
0.5,0.0,0.5
0.0,0.4,0.6
0.25,0.25,0.5
0.3333333333333333,0.5,0.16666666666666666
0.75,0.0,0.25
0.2,0.2,0.6
0.4,0.2,0.4
0.6,0.2,0.2
0.25,0.25,0.5
0.6,0.2,0.2
0.0,0.25,0.75
0.4,0.2,0.4
0.75,0.0,0.25
0.4,0.2,0.4
0.4,0.2,0.4
0.2,0.2,0.6
0.25,0.0,0.75
0.2,0.2,0.6
0.0,0.0,1.0
0.2,0.2,0.6
0.2,0.2,0.6
