close,neutral,open,closeMid,openMid
0.20422535211267606,0.18309859154929578,0.3873239436619718,0.07042253521126761,0.15492957746478872
