close,neutral,open
0.4292682926829268,0.17073170731707318,0.4
