close,neutral,open
0.5,0.0,0.5
0.625,0.0,0.375
0.25,0.0,0.75
0.625,0.0,0.375
0.625,0.0,0.375
0.5714285714285714,0.0,0.42857142857142855
0.125,0.0,0.875
0.25,0.0,0.75
