close,neutral,open
0.4444444444444444,0.0,0.5555555555555556
