close,neutral,open
0.29591836734693877,0.17857142857142858,0.5255102040816326
