close,neutral,open,closeMid,openMid
0.2698412698412698,0.015873015873015872,0.3968253968253968,0.12698412698412698,0.19047619047619047
