close,neutral,open,closeMid,openMid
0.22695035460992907,0.18439716312056736,0.3617021276595745,0.11347517730496454,0.11347517730496454
