close,neutral,open,closeMid,openMid
0.3157894736842105,0.05263157894736842,0.4473684210526316,0.05263157894736842,0.13157894736842105
