close,neutral,open
0.3235294117647059,0.1715686274509804,0.5049019607843137
