close,neutral,open
0.3793103448275862,0.0,0.6206896551724138
