close,neutral,open
0.3968253968253968,0.015873015873015872,0.5873015873015873
