close,neutral,open
0.3968253968253968,0.047619047619047616,0.5555555555555556
