close,neutral,open
0.3673469387755102,0.17687074829931973,0.4557823129251701
