close,neutral,open
0.3218390804597701,0.011494252873563218,0.6666666666666666
