close,neutral,open
0.3218390804597701,0.05747126436781609,0.6206896551724138
