close,neutral,open
0.40601503759398494,0.19548872180451127,0.39849624060150374
