close,neutral,open,closeMid,openMid
0.375,0.0,0.375,0.125,0.125
0.125,0.125,0.25,0.375,0.125
0.25,0.0,0.5,0.0,0.25
0.5,0.0,0.25,0.125,0.125
0.125,0.0,0.25,0.375,0.25
0.5714285714285714,0.0,0.42857142857142855,0.0,0.0
0.125,0.0,0.375,0.0,0.5
0.125,0.0,0.75,0.0,0.125
