close,neutral,open
0.3404255319148936,0.18439716312056736,0.475177304964539
