close,neutral,open
0.3125,0.0625,0.625
0.24242424242424243,0.0,0.7575757575757576
0.34375,0.03125,0.625
0.36363636363636365,0.0,0.6363636363636364
