close,neutral,open
0.3135593220338983,0.025423728813559324,0.6610169491525424
