close,neutral,open
0.2966101694915254,0.025423728813559324,0.6779661016949152
