close,neutral,open
0.25,0.20238095238095238,0.5476190476190477
