close,neutral,open
0.37404580152671757,0.0,0.6259541984732825
