close,neutral,open
0.31092436974789917,0.0,0.6890756302521008
