close,neutral,open
0.30303030303030304,0.0,0.696969696969697
0.18181818181818182,0.06060606060606061,0.7575757575757576
0.4375,0.0,0.5625
0.28125,0.03125,0.6875
