close,neutral,open
0.23333333333333334,0.21666666666666667,0.55
0.2459016393442623,0.22950819672131148,0.5245901639344263
0.3225806451612903,0.1774193548387097,0.5
0.3,0.21666666666666667,0.48333333333333334
