close,neutral,open
0.30303030303030304,0.0,0.696969696969697
0.24242424242424243,0.0,0.7575757575757576
0.34375,0.0,0.65625
0.36363636363636365,0.0,0.6363636363636364
