close,neutral,open
0.37815126050420167,0.0,0.6218487394957983
