close,neutral,open
0.23076923076923078,0.2,0.5692307692307692
0.1935483870967742,0.22580645161290322,0.5806451612903226
0.328125,0.171875,0.5
0.2459016393442623,0.21311475409836064,0.5409836065573771
