close,neutral,open
0.3,0.0,0.7
0.16666666666666666,0.06666666666666667,0.7666666666666667
0.4482758620689655,0.0,0.5517241379310345
0.27586206896551724,0.034482758620689655,0.6896551724137931
