close,neutral,open,closeMid,openMid
0.1271186440677966,0.025423728813559324,0.423728813559322,0.1694915254237288,0.2542372881355932
