close,neutral,open
0.2808988764044944,0.19101123595505617,0.5280898876404494
