close,neutral,open,closeMid,openMid
0.1016949152542373,0.22033898305084745,0.3220338983050847,0.11864406779661017,0.23728813559322035
0.10714285714285714,0.25,0.375,0.07142857142857142,0.19642857142857142
0.1724137931034483,0.1896551724137931,0.25862068965517243,0.15517241379310345,0.22413793103448276
0.10909090909090909,0.23636363636363636,0.38181818181818183,0.12727272727272726,0.14545454545454545
