close,neutral,open
0.2412280701754386,0.2236842105263158,0.5350877192982456
