close,neutral,open
0.3,0.023076923076923078,0.676923076923077
