close,neutral,open
0.3103448275862069,0.06896551724137931,0.6206896551724138
0.23333333333333334,0.0,0.7666666666666667
0.3448275862068966,0.034482758620689655,0.6206896551724138
0.36666666666666664,0.0,0.6333333333333333
