close,neutral,open
0.3153846153846154,0.023076923076923078,0.6615384615384615
