close,neutral,open
0.2692307692307692,0.25,0.4807692307692308
0.2727272727272727,0.2545454545454545,0.4727272727272727
0.3508771929824561,0.19298245614035087,0.45614035087719296
0.3157894736842105,0.22807017543859648,0.45614035087719296
