close,neutral,open
0.2807017543859649,0.22807017543859648,0.49122807017543857
0.2833333333333333,0.23333333333333334,0.48333333333333334
0.3548387096774194,0.1774193548387097,0.46774193548387094
0.3225806451612903,0.20967741935483872,0.46774193548387094
