close,neutral,open
0.36666666666666664,0.21666666666666667,0.4166666666666667
0.3442622950819672,0.22950819672131148,0.4262295081967213
0.4032258064516129,0.1774193548387097,0.41935483870967744
0.3709677419354839,0.20967741935483872,0.41935483870967744
