close,neutral,open
0.42424242424242425,0.0,0.5757575757575758
0.24242424242424243,0.0,0.7575757575757576
0.40625,0.0,0.59375
0.42424242424242425,0.0,0.5757575757575758
