close,neutral,open
0.37142857142857144,0.20816326530612245,0.4204081632653061
