close,neutral,open,closeMid,openMid
0.06666666666666667,0.0,0.4,0.23333333333333334,0.3
0.1,0.06666666666666667,0.43333333333333335,0.06666666666666667,0.3333333333333333
0.2413793103448276,0.0,0.3103448275862069,0.20689655172413793,0.2413793103448276
0.10344827586206896,0.034482758620689655,0.5517241379310345,0.1724137931034483,0.13793103448275862
