close,neutral,open
0.31297709923664124,0.0,0.6870229007633588
