close,neutral,open
0.43333333333333335,0.0,0.5666666666666667
0.23333333333333334,0.0,0.7666666666666667
0.41379310344827586,0.0,0.5862068965517241
0.43333333333333335,0.0,0.5666666666666667
