close,neutral,open
0.3112033195020747,0.21161825726141079,0.47717842323651455
