close,neutral,open
0.3031674208144796,0.23076923076923078,0.4660633484162896
