close,neutral,open
0.3828996282527881,0.1895910780669145,0.4275092936802974
