close,neutral,open,closeMid,openMid
0.12280701754385964,0.2236842105263158,0.3333333333333333,0.11842105263157894,0.20175438596491227
