close,neutral,open
0.3,0.0,0.7
0.23333333333333334,0.0,0.7666666666666667
0.3448275862068966,0.0,0.6551724137931034
0.36666666666666664,0.0,0.6333333333333333
