close,neutral,open
0.2757201646090535,0.20987654320987653,0.51440329218107
