close,neutral,open
0.08333333333333333,0.08333333333333333,0.8333333333333334
0.16666666666666666,0.25,0.5833333333333334
0.0,0.08333333333333333,0.9166666666666666
0.0,0.0,1.0
0.16666666666666666,0.08333333333333333,0.75
0.36363636363636365,0.0,0.6363636363636364
