close,neutral,open
0.34615384615384615,0.19230769230769232,0.46153846153846156
0.5384615384615384,0.19230769230769232,0.2692307692307692
0.41379310344827586,0.3448275862068966,0.2413793103448276
0.38461538461538464,0.19230769230769232,0.4230769230769231
0.3076923076923077,0.23076923076923078,0.46153846153846156
0.3333333333333333,0.2962962962962963,0.37037037037037035
