close,neutral,open
0.38738738738738737,0.0,0.6126126126126126
