close,neutral,open
0.2904761904761905,0.3,0.4095238095238095
