close,neutral,open
0.16666666666666666,0.0,0.8333333333333334
0.4166666666666667,0.0,0.5833333333333334
0.08333333333333333,0.3333333333333333,0.5833333333333334
0.18181818181818182,0.0,0.8181818181818182
0.25,0.16666666666666666,0.5833333333333334
0.36363636363636365,0.09090909090909091,0.5454545454545454
