close,neutral,open
0.352112676056338,0.0,0.647887323943662
