close,neutral,open
0.25,0.20833333333333334,0.5416666666666666
0.21739130434782608,0.21739130434782608,0.5652173913043478
0.08333333333333333,0.4166666666666667,0.5
0.19230769230769232,0.19230769230769232,0.6153846153846154
0.16,0.24,0.6
0.19230769230769232,0.3076923076923077,0.5
