close,neutral,open
0.19718309859154928,0.0,0.8028169014084507
