close,neutral,open
0.08333333333333333,0.08333333333333333,0.8333333333333334
0.1111111111111111,0.2777777777777778,0.6111111111111112
0.0,0.08333333333333333,0.9166666666666666
0.0,0.0,1.0
0.0,0.0,1.0
0.0,0.0,1.0
0.16666666666666666,0.08333333333333333,0.75
0.3333333333333333,0.16666666666666666,0.5
0.36363636363636365,0.0,0.6363636363636364
0.4,0.0,0.6
