close,neutral,open,closeMid,openMid
0.08333333333333333,0.08333333333333333,0.5,0.0,0.3333333333333333
0.08333333333333333,0.25,0.5833333333333334,0.08333333333333333,0.0
0.0,0.08333333333333333,0.75,0.0,0.16666666666666666
0.0,0.0,0.9166666666666666,0.0,0.08333333333333333
0.08333333333333333,0.08333333333333333,0.6666666666666666,0.08333333333333333,0.08333333333333333
0.0,0.0,0.5454545454545454,0.36363636363636365,0.09090909090909091
