close,neutral,open
0.08333333333333333,0.0,0.9166666666666666
0.4166666666666667,0.0,0.5833333333333334
0.08333333333333333,0.0,0.9166666666666666
0.0,0.0,1.0
0.25,0.0,0.75
0.36363636363636365,0.0,0.6363636363636364
