close,neutral,open
0.2375,0.24375,0.51875
