close,neutral,open
0.2767857142857143,0.10714285714285714,0.6160714285714286
