close,neutral,open
0.1888412017167382,0.2703862660944206,0.5407725321888412
