close,neutral,open
0.16666666666666666,0.0,0.8333333333333334
0.3888888888888889,0.0,0.6111111111111112
0.08333333333333333,0.3333333333333333,0.5833333333333334
0.0,0.3333333333333333,0.6666666666666666
0.3076923076923077,0.0,0.6923076923076923
0.0,0.0,1.0
0.25,0.16666666666666666,0.5833333333333334
0.5,0.3333333333333333,0.16666666666666666
0.36363636363636365,0.09090909090909091,0.5454545454545454
0.4,0.06666666666666667,0.5333333333333333
