close,neutral,open
0.22123893805309736,0.0,0.7787610619469026
