close,neutral,open
0.25,0.20833333333333334,0.5416666666666666
0.14705882352941177,0.2647058823529412,0.5882352941176471
0.08333333333333333,0.4166666666666667,0.5
0.08333333333333333,0.4166666666666667,0.5
0.22580645161290322,0.16129032258064516,0.6129032258064516
0.23076923076923078,0.23076923076923078,0.5384615384615384
0.16,0.24,0.6
0.3333333333333333,0.3333333333333333,0.3333333333333333
0.19230769230769232,0.3076923076923077,0.5
0.21875,0.25,0.53125
