close,neutral,open
0.1267605633802817,0.08450704225352113,0.7887323943661971
