close,neutral,open
0.23943661971830985,0.09859154929577464,0.6619718309859155
