close,neutral,open
0.24302788844621515,0.250996015936255,0.5059760956175299
