close,neutral,open
0.18243243243243243,0.2635135135135135,0.5540540540540541
