close,neutral,open
0.3875,0.24375,0.36875
