close,neutral,open
0.16666666666666666,0.0,0.8333333333333334
0.4166666666666667,0.0,0.5833333333333334
0.4166666666666667,0.0,0.5833333333333334
0.25,0.0,0.75
0.4166666666666667,0.0,0.5833333333333334
0.45454545454545453,0.0,0.5454545454545454
