close,neutral,open
0.2692307692307692,0.19230769230769232,0.5384615384615384
0.3076923076923077,0.19230769230769232,0.5
0.2413793103448276,0.3448275862068966,0.41379310344827586
0.19230769230769232,0.19230769230769232,0.6153846153846154
0.19230769230769232,0.23076923076923078,0.5769230769230769
0.2222222222222222,0.2962962962962963,0.48148148148148145
