close,neutral,open
0.16666666666666666,0.0,0.8333333333333334
0.3888888888888889,0.0,0.6111111111111112
0.4166666666666667,0.0,0.5833333333333334
0.3333333333333333,0.0,0.6666666666666666
0.4,0.0,0.6
0.16666666666666666,0.0,0.8333333333333334
0.4166666666666667,0.0,0.5833333333333334
0.8333333333333334,0.0,0.16666666666666666
0.45454545454545453,0.0,0.5454545454545454
0.4666666666666667,0.0,0.5333333333333333
