close,neutral,open,closeMid,openMid
0.08108108108108109,0.2635135135135135,0.47297297297297297,0.10135135135135136,0.08108108108108109
