close,neutral,open
0.39823008849557523,0.0,0.6017699115044248
