close,neutral,open,closeMid,openMid
0.125,0.20833333333333334,0.375,0.125,0.16666666666666666
0.13043478260869565,0.21739130434782608,0.5652173913043478,0.08695652173913043,0.0
0.0,0.4166666666666667,0.4166666666666667,0.08333333333333333,0.08333333333333333
0.07692307692307693,0.19230769230769232,0.5384615384615384,0.11538461538461539,0.07692307692307693
0.12,0.24,0.48,0.04,0.12
0.038461538461538464,0.3076923076923077,0.4230769230769231,0.15384615384615385,0.07692307692307693
