close,neutral,open
0.27941176470588236,0.2867647058823529,0.4338235294117647
