close,neutral,open,closeMid,openMid
0.04225352112676056,0.08450704225352113,0.6619718309859155,0.08450704225352113,0.1267605633802817
