close,neutral,open
0.1504424778761062,0.07964601769911504,0.7699115044247787
