close,neutral,open
0.4063745019920319,0.250996015936255,0.3426294820717131
